<?xml version="1.0" encoding="UTF-8"?>
<export>
  <value>
    <date>08.10.2023</date>
    <number>МГ010081</number>
    <shop>Магазин 1</shop>
    <pname>Колбаса вареная «Докторская» высший сорт, 400 г</pname>
    <nameUnit>упаковка</nameUnit>
    <quantity>5.000</quantity>
    <price>3.580</price>
    <cost>17.90</cost>
  </value>
  <value>
    <date>08.10.2023</date>
    <number>МГ010081</number>
    <shop>Магазин 1</shop>
    <pname>Из мяса свинины продукт сырокопченый «Бекон да яечнi» 220 г</pname>
    <nameUnit>упаковка</nameUnit>
    <quantity>8.000</quantity>
    <price>9.040</price>
    <cost>72.32</cost>
  </value>
</export>

